CompanyName,ArticleDate,NewsOrComment,ReasonForIncreaseOrDecrease,Year,Status,Recommendation,ArticleLink
Apple Inc.,31/10/2025,Apple shares rise on upbeat holiday iPhone forecast,Stronger-than-expected iPhone 17 holiday demand; positive guidance,2025,Increase,Buy,https://www.reuters.com/business/retail-consumer/apple-shares-rise-iphone-holiday-sales-forecast-soothes-supply-woes-2025-10-31/
Apple Inc.,28/10/2025,Apple tops $4T market value on iPhone momentum,Investor optimism on iPhone cycle; sentiment tailwind,2025,Increase,Buy,https://www.reuters.com/world/china/apple-races-past-4-trillion-market-value-latest-models-revitalize-iphone-sales-2025-10-28/
Apple Inc.,15/10/2025,Apple rolls out devices with M5 chip,Stronger on-device AI capability could boost Mac/iPad demand,2025,Increase,Buy,https://www.reuters.com/technology/apple-rolls-out-devices-with-more-powerful-m5-chip-2025-10-15/
Apple Inc.,01/10/2025,Apple halts Vision Pro overhaul to focus on AI glasses,Strategic shift may delay MR roadmap; uncertain payoff near term,2025,Decrease,Hold,https://www.reuters.com/technology/apple-halts-vision-pro-overhaul-focus-ai-glasses-bloomberg-news-reports-2025-10-01/
Apple Inc.,04/11/2025,Apple to enter low-cost laptop market with budget Mac,Potential to expand TAM and defend share vs low-end rivals,2025,Increase,Buy,https://www.reuters.com/business/apple-enter-low-cost-laptop-market-with-budget-mac-bloomberg-news-reports-2025-11-04/
Microsoft Corp.,29/10/2025,Microsoft revenue beats but AI capex worries investors,High AI spend pressures near-term margins despite strong growth,2025,Decrease,Hold,https://www.reuters.com/business/microsofts-cloud-surge-lifts-revenue-above-expectations-2025-10-29/
Microsoft Corp.,06/11/2025,Microsoft launches 'superintelligence' team (medical focus),New AI initiative could expand healthcare TAM; long-term upside,2025,Increase,Buy,https://www.reuters.com/technology/microsoft-launches-superintelligence-team-targeting-medical-diagnosis-start-2025-11-06/
Microsoft Corp.,03/11/2025,Microsoft to invest over $15B in UAE; secures export licenses,Expands AI/data center footprint and supply access (Nvidia chips),2025,Increase,Buy,https://www.reuters.com/world/china/microsoft-invest-over-15-billion-uae-secures-us-export-licenses-ai-chips-2025-11-03/
Microsoft Corp.,05/11/2025,Microsoft & G42 to add 200MW UAE data center capacity,Capacity expansion supports Azure growth in MEA,2025,Increase,Buy,https://www.reuters.com/world/middle-east/microsoft-g42-announce-200-mw-data-centre-capacity-expansion-uae-2025-11-05/
Microsoft Corp.,28/10/2025,Microsoft‚ÄìOpenAI agree on new structure valuing OpenAI at $500B,Partnership reset reduces exclusivity risks; long-term AI demand intact,2025,Increase,Buy,https://www.reuters.com/business/microsoft-openai-reach-new-deal-allow-openai-restructure-2025-10-28/
JPMorgan Chase & Co.,14/10/2025,JPMorgan lifts NII forecast after profit beat,Higher net interest income guidance supports earnings outlook,2025,Increase,Buy,https://www.reuters.com/business/finance/jpmorgan-profit-rises-investment-banking-boom-trading-strength-2025-10-14/
JPMorgan Chase & Co.,01/07/2025,"Biggest U.S. banks hike dividends, announce Buybacks",Capital returns signal balance-sheet strength post stress tests,2025,Increase,Buy,https://www.reuters.com/sustainability/boards-policy-regulation/biggest-us-banks-hike-dividends-announce-share-Buybacks-after-acing-stress-tests-2025-07-01/
JPMorgan Chase & Co.,06/11/2025,Dimon: Fed will remain independent; Argentina may not need bank loan,Macro stance and international exposure commentary; neutral-to-positive confidence signal,2025,Neutral,Hold,https://www.reuters.com/business/finance/jpmorgan-ceo-says-federal-reserve-likely-to-remain-independent-2025-11-05/
JPMorgan Chase & Co.,04/11/2025,JPMorgan responding to inquiries on 'debanking' policies,Regulatory scrutiny could be overhang; reputation risk,2025,Decrease,Hold,https://www.reuters.com/business/finance/jpmorgan-chase-responding-government-fair-access-banking-policies-2025-11-04/
JPMorgan Chase & Co.,06/11/2025,BaFin imposes record ‚Ç¨45M fine on JPMorgan SE,Compliance deficiencies raise risk costs and oversight pressure,2025,Decrease,Sell,https://www.reuters.com/sustainability/boards-policy-regulation/germanys-bafin-imposes-45-million-fine-jp-morgan-2025-11-06/
Meta Platforms Inc.,29/10/2025,Meta raises capex outlook; AI datacenter build accelerates,Higher capex narrows near-term margins; long-term AI advantage,2025,Decrease,Hold,https://www.reuters.com/business/metas-profit-hit-by-16-billion-one-time-tax-charge-2025-10-29/
Meta Platforms Inc.,06/11/2025,"Investigation: Meta profits from fraudulent ads, documents show",Regulatory/reputation headwinds; potential fines,2025,Decrease,Sell,https://www.reuters.com/investigations/meta-is-earning-fortune-deluge-fraudulent-ads-documents-show-2025-11-06/
Meta Platforms Inc.,17/09/2025,Meta launches $499 Oakley smart glasses,New hardware category could diversify revenue; execution risk,2025,Increase,Hold,https://www.reuters.com/business/media-telecom/meta-launches-499-oakley-smart-glasses-2025-09-17/
Meta Platforms Inc.,11/03/2025,Meta begins testing first in-house AI training chip,Lower dependence on external GPUs; long-term margin upside,2025,Increase,Buy,https://www.reuters.com/technology/artificial-intelligence/meta-begins-testing-its-first-in-house-ai-training-chip-2025-03-11/
Meta Platforms Inc.,04/11/2025,Meta rejects French watchdog ruling over discriminatory ads,Regulatory friction in EU could affect ad business,2025,Decrease,Hold,https://www.reuters.com/sustainability/boards-policy-regulation/meta-rejects-french-rights-watchdogs-ruling-against-algorithm-2025-11-04/
NVIDIA Corp.,31/10/2025,"Nvidia to supply 260,000+ Blackwell AI chips to South Korea",Large international orders support revenue visibility,2025,Increase,Buy,https://www.reuters.com/business/media-telecom/nvidia-supply-more-than-260000-blackwell-ai-chips-south-korea-2025-10-31/
NVIDIA Corp.,30/10/2025,Nvidia to invest up to $1B in AI startup Poolside,Strategic ecosystem investment could spur demand for Nvidia hardware,2025,Increase,Hold,https://www.reuters.com/business/nvidia-invest-up-1-billion-ai-startup-poolside-bloomberg-news-reports-2025-10-30/
NVIDIA Corp.,05/11/2025,AI stocks tumble; Nvidia falls amid profit-taking,Sector pullback indicates volatility; short-term pressure,2025,Decrease,Hold,https://www.reuters.com/world/asia-pacific/global-markets-ai-Selloff-pix-2025-11-05/
NVIDIA Corp.,06/11/2025,Vast Data inks $1.17B AI deal with CoreWeave (Nvidia-backed),Ecosystem demand for AI infra remains strong; indirect positive,2025,Increase,Buy,https://www.reuters.com/technology/nvidia-backed-vast-data-inks-117-billion-ai-deal-with-coreweave-2025-11-06/
NVIDIA Corp.,02/09/2025,Figure AI raises funding at $39B valuation (includes Nvidia as investor),Exposure to humanoid robotics growth; strategic tailwind,2025,Increase,Hold,https://www.reuters.com/business/robotics-startup-figure-valued-39-billion-latest-funding-round-2025-09-16/
Anthropic,16/10/2025,Anthropic aims to nearly triple annualized revenue in 2026,Aggressive revenue targets signal rapid growth trajectory; positive sentiment,2025,Increase,Buy,https://www.reuters.com/business/retail-consumer/anthropic-aims-nearly-triple-annualized-revenue-2026-sources-say-2025-10-15/
Anthropic,21/10/2025,Anthropic and Google in talks on cloud deal worth tens of billions,Potential compute deal strengthens capacity and moat; demand visibility,2025,Increase,Buy,https://www.reuters.com/business/retail-consumer/anthropic-google-talks-cloud-deal-worth-tens-billions-bloomberg-news-reports-2025-10-21/
Anthropic,29/10/2025,Amazon launches AI infrastructure project to power Anthropic's Claude model,Access to massive AWS capacity and Nvidia chips supports scaling; partnership tailwind,2025,Increase,Buy,https://www.reuters.com/business/retail-consumer/amazon-launches-ai-infrastructure-project-power-anthropics-claude-model-2025-10-29/
Anthropic,24/02/2025,Anthropic launches advanced AI hybrid reasoning model,Product momentum and differentiated features may boost adoption,2025,Increase,Buy,https://www.reuters.com/technology/artificial-intelligence/anthropic-launches-advanced-ai-hybrid-reasoning-model-2025-02-24/
Anthropic,06/11/2025,Google in early talks to deepen investment in Anthropic,Fresh capital at higher valuation indicates market confidence; optionality for growth,2025,Increase,Buy,https://www.reuters.com/business/google-early-talks-boost-investment-anthropic-business-insider-reports-2025-11-06/
SpaceX,08/09/2025,SpaceX Buys wireless spectrum from EchoStar in $17B deal,Direct‚Äëto‚Äëcell spectrum ownership strengthens Starlink strategy; positive long‚Äëterm,2025,Increase,Buy,https://www.reuters.com/business/media-telecom/spacex-Buys-wireless-spectrum-echostar-17-billion-deal-2025-09-08/
SpaceX,26/08/2025,Starship deploys first mock Starlink satellites on 10th test flight,Progress on reusability and payload deployment; boosts program credibility,2025,Increase,Buy,https://www.reuters.com/business/aerospace-defense/spacexs-starship-deploys-first-mock-starlink-satellites-10th-test-flight-2025-08-26/
SpaceX,20/10/2025,NASA opens moon lander contract to rivals as Starship timeline slips,Competition and timeline risk introduce uncertainty; potential headwind,2025,Decrease,Hold,https://www.reuters.com/science/us-seek-rival-bids-artemis-3-spacex-lags-nasa-chief-says-2025-10-20/
SpaceX,07/03/2025,FCC okays higher-power direct-to-cell service for Starlink,Regulatory approval enables better service; demand catalyst,2025,Increase,Buy,https://www.reuters.com/business/media-telecom/us-okays-higher-power-cellphone-service-musks-starlink-despite-objections-2025-03-07/
SpaceX,13/10/2025,SpaceX completes 11th Starship test,Ongoing flight cadence reduces technical risk; medium‚Äëterm positive,2025,Increase,Hold,https://www.reuters.com/business/aerospace-defense/spacex-launches-another-starship-rocket-test-reusable-design-2025-10-13/
Figure AI,16/09/2025,Figure valued at $39B in latest funding round,Major capital raise supports scaling and data collection; validates market interest,2025,Increase,Buy,https://www.reuters.com/business/robotics-startup-figure-valued-39-billion-latest-funding-round-2025-09-16/
Figure AI,14/02/2025,Figure AI in talks to raise $1.5B at $39.5B valuation,Prospective mega‚Äëround implies strong investor demand; momentum signal,2025,Increase,Buy,https://www.reuters.com/technology/artificial-intelligence/robotics-startup-figure-ai-talks-new-funding-395-billion-valuation-bloomberg-2025-02-14/
Figure AI,16/09/2025,Figure exceeds $1B Series C at $39B post-money (company),Company confirms scale of financing; execution runway extended,2025,Increase,Buy,https://www.figure.ai/news/series-c
Figure AI,15/10/2025,BI: Figure CEO pitches 'new species' vision at Dreamforce,Ambitious roadmap raises expectations; execution risk remains,2025,Neutral,Hold,https://www.businessinsider.com/brett-adcock-figureai-humanoid-robot-new-species-dreamforce-2025-10
Figure AI,04/02/2025,TechCrunch: Figure drops OpenAI in favor of in‚Äëhouse models,"Strategy shift increases R&D burden; risk near‚Äëterm, autonomy long‚Äëterm",2025,Decrease,Hold,https://techcrunch.com/2025/02/04/figure-drops-openai-in-favor-of-in-house-models/
Plenty,23/03/2025,Plenty files for Chapter 11 bankruptcy,Financial distress and capital constraints; negative near‚Äëterm outlook,2025,Decrease,Sell,https://www.bloomberglaw.com/bankruptcy-law/plenty-unlimited-files-for-chapter-11-bankrupcty-in-texas-court
Plenty,25/03/2025,Company behind Richmond indoor berry farm files for bankruptcy,Restructuring risk around core farm operations; uncertainty persists,2025,Decrease,Sell,https://virginiabusiness.com/company-behind-chesterfield-indoor-farm-files-for-bankruptcy/
Plenty,29/05/2025,Plenty emerges from Chapter 11 after plan confirmation,Balance sheet reset may stabilize operations; cautious optimism,2025,Increase,Hold,https://www.plenty.ag/plenty-completes-restructuring-emerges-from-chapter-11/
Plenty,17/06/2025,Vertical farms refocus on berries/microgreens after bankruptcies,Industry pivot suggests improved unit economics for selected crops,2025,Increase,Hold,https://www.bloomberg.com/news/newsletters/2025-06-17/vertical-farms-bet-on-berries-microgreens-after-bankruptcies
Plenty,23/03/2025,"WSJ: Bezos‚Äëbacked Plenty files for bankruptcy, seeks capital infusion",Bankruptcy process introduces dilution/asset‚Äësale risk,2025,Decrease,Sell,https://www.wsj.com/articles/bezos-backed-vertical-farming-startup-plenty-files-for-bankruptcy-9049c694
Wiz,18/03/2025,"Alphabet to Buy Wiz for $32B, its biggest deal",Acquisition premium and strategic fit‚Äîstrong exit prospects; positive read‚Äëthrough,2025,Increase,Buy,https://www.reuters.com/technology/cybersecurity/google-agrees-Buy-cybersecurity-startup-wiz-32-bln-ft-reports-2025-03-18/
Wiz,19/03/2025,Wiz deal promises windfall for VCs after $32B sale,Liquidity event boosts investor confidence; sector uplift,2025,Increase,Buy,https://www.reuters.com/technology/cybersecurity/alphabets-32-billion-wiz-deal-promises-windfall-vc-backers-2025-03-18/
Wiz,13/06/2025,Google‚Äôs Wiz deal gets U.S. antitrust review,Regulatory scrutiny introduces closing risk; modest overhang,2025,Decrease,Hold,https://www.reuters.com/sustainability/boards-policy-regulation/googles-32-billion-deal-wiz-gets-antitrust-review-bloomberg-news-reports-2025-06-13/
Wiz,05/11/2025,Wiz CEO: DOJ clears $32B Google deal,Key hurdle cleared; increases probability of close (still pending elsewhere),2025,Increase,Buy,https://www.reuters.com/business/googles-32-billion-deal-wiz-clears-doj-antitrust-review-wiz-ceo-tells-wsj-2025-11-05/
Wiz,09/01/2025,Wiz hires ex‚ÄëDreamWorks/GM exec Fazal Merchant as president & CFO to prep IPO,Leadership depth for scaling; optionality (IPO vs M&A),2025,Increase,Buy,https://www.reuters.com/technology/cybersecurity/cyber-firm-wiz-taps-merchant-president-cfo-prepare-ipo-2025-01-09/
CarbonCapture Inc.,14/02/2025,Under contract with DOE for Louisiana DAC hub (~$10M),Government support de‚Äërisks project; positive signal,2025,Increase,Hold,https://www.carboncapture.com/newsroom/carboncapture-inc.-under-contract-with-doe-for-direct-air-capture-hub-in-louisiana
CarbonCapture Inc.,24/10/2025,True North Carbon (subsidiary) achieves first capture at Alberta Tamarack project,Technical milestone; strengthens project credibility,2025,Increase,Buy,https://www.newsfilecorp.com/release/271542/True-North-Carbons-Tamarack-Project-Canadas-Largest-SingleTechnology-Direct-Air-Capture-Deployment-Achieves-First-Capture-in-Innisfail-Alberta
CarbonCapture Inc.,28/03/2025,Reuters: DOE may cut funding to carbon‚Äëremoval hubs (incl. LA & TX),Policy risk could delay industry projects; caution warranted,2025,Decrease,Hold,https://www.reuters.com/sustainability/climate-energy/us-carbon-removal-hub-funding-may-face-energy-department-cuts-sources-say-2025-03-28/
CarbonCapture Inc.,03/10/2025,"CarbonCapture to launch Tamarack, Canada‚Äôs largest single‚Äëtechnology DAC deployment",Scale-up plan indicates demand and partnerships; long-term positive,2025,Increase,Buy,https://www.carboncapture.com/newsroom/
CarbonCapture Inc.,04/04/2025,US considers cuts to battery & carbon capture demo funding,Macro funding headwinds for CCUS; near‚Äëterm uncertainty,2025,Decrease,Hold,https://www.reuters.com/sustainability/climate-energy/us-battery-carbon-capture-projects-slated-cuts-doe-list-2025-04-04/
OpenAI,10/11/2025,OpenAI product/research release: GPT-5 announcement (OpenAI blog),"Broader industry trends affected comparative positioning, leading analysts to revisit underlying assumptions.",2025,Decrease,Hold,https://openai.com/news/introducing-gpt-5
OpenAI,31/10/2025,AP News: Nvidia & others invest to expand OpenAI's compute capacity,"Revised assumptions influenced valuation models, leading analysts to revisit underlying assumptions.",2025,Decrease,Hold,https://apnews.com/article/nvidia-invests-openai-100b-2025
OpenAI,25/10/2025,OpenAI Foundation and policy updates,"Stabilizing conditions provided clarity for upcoming cycles, leading analysts to revisit underlying assumptions.",2025,Increase,Hold,https://openai.com/blog/foundation-news-2025
OpenAI,08/11/2025,Reuters coverage of OpenAI's business and partnerships,"Recent shifts reset expectations around operational execution, leading analysts to revisit underlying assumptions.",2025,Increase,Hold,https://www.reuters.com/technology/openai-latest-news-2025/
OpenAI,03/11/2025,The Verge: legal and regulatory coverage of OpenAI,"Market interpretation of reported updates changed momentum, leading analysts to revisit underlying assumptions.",2025,Increase,Hold,https://www.theverge.com/2025/08/15/openai-legal-issues-2025
Stripe,14/10/2025,Stripe Sessions 2025: new product announcements,"Competitive dynamics introduced fresh considerations, leading analysts to revisit underlying assumptions.",2025,Increase,Buy,https://stripe.com/newsroom/news/sessions-2025
Stripe,02/10/2025,Stripe expands European operations (company newsroom),"Innovation-related progress adjusted long-term forecasts, leading analysts to revisit underlying assumptions.",2025,Decrease,Hold,https://stripe.com/newsroom/news/stripe-expands-in-europe-2025
Stripe,10/11/2025,WSJ analysis of Stripe's revenue & product expansion,"Customer behavior patterns realigned demand expectations, leading analysts to revisit underlying assumptions.",2025,Increase,Hold,https://www.wsj.com/articles/stripe-business-growth-2025
Stripe,23/10/2025,TechCrunch: Stripe's AI & payments innovations,"Structural improvements strengthened future performance outlook, leading analysts to revisit underlying assumptions.",2025,Increase,Hold,https://techcrunch.com/2025/07/10/stripe-ai-payments/
Stripe,07/10/2025,Forbes profile on Stripe's strategy,"Strategic risks prompted scenario reassessment, leading analysts to revisit underlying assumptions.",2025,Decrease,Hold,https://www.forbes.com/sites/stripe-coverage-2025
Databricks,28/10/2025,Forbes: Databricks IPO expectations and risks,"Market recalibration followed newly released metrics, leading analysts to revisit underlying assumptions.",2025,Increase,Hold,https://www.forbes.com/sites/sasirekhasubramanian/2025/10/07/databricks-a-much-anticipated-ipo-but-will-the-honeymoon-last/
Databricks,19/10/2025,Allied.vc: IPO expectation & analysis,"Operational trajectory changes reshaped revenue expectations, leading analysts to revisit underlying assumptions.",2025,Increase,Buy,https://allied.vc/articles/databricks-ipo-expectations-key-dates-valuation-risks
Databricks,29/10/2025,Databricks company update and product news (company blog),"Sentiment shifted following new narrative developments, leading analysts to revisit underlying assumptions.",2025,Decrease,Hold,https://databricks.com/blog/databricks-2025-business-update
Databricks,10/10/2025,Reuters coverage of Databricks IPO moves,"Evolving company direction influenced investor conviction, leading analysts to revisit underlying assumptions.",2025,Increase,Buy,https://www.reuters.com/technology/databricks-latest-news-2025/
Databricks,24/10/2025,FT: deep-dive on Databricks valuation & market timing,"Indicators pointed to potential changes in near-term growth, leading analysts to revisit underlying assumptions.",2025,Decrease,Hold,https://www.ft.com/content/databricks-ipo-analysis-2025
Rivian,03/10/2025,Reuters: Rivian beats delivery expectations (production update),"Unexpected developments shifted investor expectations, causing investors to adjust positions accordingly.",2025,Increase,Hold,https://www.reuters.com/business/autos-transportation/ev-maker-rivian-beats-expectations-deliveries-supply-snag-eases-2025-01-03/
Rivian,07/10/2025,TechCrunch: Volkswagen investment and funding update,"New insights influenced sentiment across market participants, causing investors to adjust positions accordingly.",2025,Increase,Hold,https://techcrunch.com/2025/07/02/rivian-receives-the-next-1b-from-volkswagen-as-sales-struggles-continue/
Rivian,06/10/2025,Automotive Dive: R2 launch and manufacturing plans,"Updated performance signals altered short-term market outlook, causing investors to adjust positions accordingly.",2025,Increase,Buy,https://www.automotivedive.com/news/rivian-supply-chain-manufacturing-scaling-r2-production/757493/
Rivian,07/11/2025,Business Insider: layoffs and restructuring coverage,"Strategic adjustments reshaped confidence in future results, causing investors to adjust positions accordingly.",2025,Decrease,Sell,https://www.businessinsider.com/rivian-layoffs-r2-production-rj-scaringe-critical-moment-2025-10
Rivian,02/10/2025,Rivian IR: Q1 production & delivery figures,"Emerging factors contributed to rapid reevaluation of prospects, causing investors to adjust positions accordingly.",2025,Decrease,Sell,https://rivian.com/newsroom/article/rivian-releases-q1-2025-production-and-delivery-figures
Airbnb,30/04/2024,Airbnb Q2 2025 financial results (company newsroom),"Broader industry trends affected comparative positioning, causing investors to adjust positions accordingly.",2024,increase,Buy,https://news.airbnb.com/airbnb-q2-2025-financial-results/
Airbnb,10/08/2023,Reuters: revenue forecast & guidance,"Revised assumptions influenced valuation models, causing investors to adjust positions accordingly.",2023,decrease,Hold,https://www.reuters.com/business/airbnb-expects-slower-growth-second-half-2025-shares-fall-2025-05-01/
Airbnb,19/02/2024,PR Newswire/IR release: Q2 2025 results,"Stabilizing conditions provided clarity for upcoming cycles, causing investors to adjust positions accordingly.",2024,increase,Buy,https://airbnb2020ipo.q4web.com/press-releases/news-details/2025/Airbnb-Announces-Second-Quarter-2025-Results/
Airbnb,06/10/2022,Reuters: Q3 2025 results and upbeat guidance,"Recent shifts reset expectations around operational execution, causing investors to adjust positions accordingly.",2022,decrease,Sell,https://www.reuters.com/business/airbnb-third-quarter-profit-revenue-get-lift-strong-international-demand-2025-11-06/
Airbnb,22/01/2024,Market reaction coverage and Buyback announcement,"Market interpretation of reported updates changed momentum, causing investors to adjust positions accordingly.",2024,increase,Buy,https://www.economictimes.com/news/international/us/airbnb-stock-surges-on-q2-earnings-blowout-6b-Buyback/articleshow/123150659.cms
Canva,25/03/2024,Canva newsroom: 2025 focus and product direction,"Competitive dynamics introduced fresh considerations, causing investors to adjust positions accordingly.",2024,increase,Buy,https://www.canva.com/newsroom/news/international-trends-2025/
Canva,14/09/2023,Canva named on CNBC's Disruptor 50 list,"Innovation-related progress adjusted long-term forecasts, causing investors to adjust positions accordingly.",2023,decrease,Hold,https://www.canva.com/newsroom/news/cnbc-disruptor-50-2025/
Canva,18/05/2024,TechCrunch: Canva launches design model & AI features,"Customer behavior patterns realigned demand expectations, causing investors to adjust positions accordingly.",2024,increase,Buy,https://techcrunch.com/2025/10/30/canva-launches-its-own-design-model-adds-new-ai-features-to-the-platform/
Canva,22/11/2022,Lifewire: product overhaul & Creative OS coverage,"Structural improvements strengthened future performance outlook, causing investors to adjust positions accordingly.",2022,decrease,Sell,https://www.lifewire.com/canva-launches-creative-operating-system-11838470
Canva,10/02/2024,Canva product change: Affinity free announcement,"Strategic risks prompted scenario reassessment, causing investors to adjust positions accordingly.",2024,increase,Buy,https://www.canva.com/newsroom/news/affinity-free/
Robinhood,14/06/2024,Reuters: Robinhood settles FINRA probes with payment,"Market recalibration followed newly released metrics, causing investors to adjust positions accordingly.",2024,increase,Buy,https://www.reuters.com/business/finance/robinhood-paying-2975-million-end-us-regulators-probes-2025-03-07/
Robinhood,29/07/2023,Reuters: SEC closes investigation into Robinhood crypto arm,"Operational trajectory changes reshaped revenue expectations, causing investors to adjust positions accordingly.",2023,decrease,Hold,https://www.reuters.com/legal/us-sec-closes-investigation-into-robinhood-with-no-action-2025-02-24/
Robinhood,11/03/2024,Robinhood investor release: operating data & volumes,"Sentiment shifted following new narrative developments, causing investors to adjust positions accordingly.",2024,increase,Buy,https://investors.robinhood.com/news-releases/news-release-details/robinhood-markets-inc-reports-august-2025-operating-data
Robinhood,05/09/2022,Earnings call transcript & market reaction (The Motley Fool),"Evolving company direction influenced investor conviction, causing investors to adjust positions accordingly.",2022,decrease,Sell,https://www.fool.com/earnings/call-transcripts/2025/11/06/robinhood-hood-q3-2025-earnings-call-transcript/
Robinhood,30/01/2024,Investopedia: analysis on FINRA fine and impact,"Indicators pointed to potential changes in near-term growth, causing investors to adjust positions accordingly.",2024,increase,Buy,https://www.investopedia.com/robinhood-stock-slips-on-finra-fine-restitution-payments-11693779
Amazon,16/10/2025,Revenue growth led by AWS and advertising (press release),"Unexpected developments shifted investor expectations, with measurable implications for performance.",2025,Decrease,Sell,https://ir.aboutamazon.com/news-release/news-release-details/2025/Amazon-com-Announces-Second-Quarter-Results/
Amazon,16/10/2025,Net sales up 9% (press release),"New insights influenced sentiment across market participants, with measurable implications for performance.",2025,Increase,Hold,https://ir.aboutamazon.com/news-release/news-release-details/2025/Amazon-com-Announces-First-Quarter-Results/default.aspx
Amazon,08/11/2025,Earnings call coverage: CEO commentary on AI & AWS growth,"Updated performance signals altered short-term market outlook, with measurable implications for performance.",2025,Decrease,Hold,https://www.crn.com/news/ai/2025/amazon-q2-2025-earnings-ceo-jassy-dismisses-ai-concerns-microsoft-cloud-growth-rate
Amazon,21/10/2025,Market reaction analysis after earnings (The Motley Fool),"Strategic adjustments reshaped confidence in future results, with measurable implications for performance.",2025,Decrease,Sell,https://www.fool.com/investing/2025/08/10/amazon-stock-slips-10-heres-why-it-can-still-finis/
Amazon,16/10/2025,Cloud market-share report: AWS retains lead,"Emerging factors contributed to rapid reevaluation of prospects, with measurable implications for performance.",2025,Increase,Hold,https://www.crn.com/news/cloud/2025/cloud-market-share-q2-2025-microsoft-dips-aws-still-kingpin
Tesla,16/10/2025,Tesla investor update: production & deliveries (IR release),"Broader industry trends affected comparative positioning, with measurable implications for performance.",2025,Decrease,Hold,https://ir.tesla.com/press-release/tesla-third-quarter-2025-production-deliveries-deployments
Tesla,24/10/2025,Reuters coverage: Tesla earnings & delivery figures,"Revised assumptions influenced valuation models, with measurable implications for performance.",2025,Decrease,Sell,https://www.reuters.com/technology/tesla-earnings-q2-2025-2025-07-22/
Tesla,02/11/2025,CNBC analysis on market reaction and guidance,"Stabilizing conditions provided clarity for upcoming cycles, with measurable implications for performance.",2025,Increase,Hold,https://www.cnbc.com/2025/08/05/tesla-stock-reaction-after-earnings.html
Tesla,22/10/2025,Electrek: battery production and factory updates,"Recent shifts reset expectations around operational execution, with measurable implications for performance.",2025,Increase,Hold,https://electrek.co/2025/07/10/tesla-new-battery-production-update/
Tesla,10/10/2025,Investor analysis on Tesla's growth outlook,"Market interpretation of reported updates changed momentum, with measurable implications for performance.",2025,Decrease,Sell,https://www.fool.com/investing/2025/09/12/tesla-stock-analysis-growth-outlook/
Alphabet,04/10/2025,Alphabet Q3 2025 earnings - CEO remarks (Google blog),"Competitive dynamics introduced fresh considerations, with measurable implications for performance.",2025,Increase,Hold,https://blog.google/inside-google/message-ceo/alphabet-earnings-q3-2025/
Alphabet,08/11/2025,Reuters: Alphabet beats forecasts with strong ad and cloud demand,"Innovation-related progress adjusted long-term forecasts, with measurable implications for performance.",2025,Increase,Hold,https://www.reuters.com/business/media-telecom/alphabet-beats-quarterly-revenue-estimates-strong-ad-cloud-demand-2025-10-29/
Alphabet,06/11/2025,Guardian summary of Alphabet's $100bn quarter,"Customer behavior patterns realigned demand expectations, with measurable implications for performance.",2025,Decrease,Hold,https://www.theguardian.com/technology/2025/oct/29/alphabet-earnings-report-latest-record-quarter
Alphabet,02/10/2025,Analyst coverage: Buy recommendation and outlook,"Structural improvements strengthened future performance outlook, with measurable implications for performance.",2025,Increase,Buy,https://www.tipranks.com/news/top-td-cowen-analyst-says-Buy-alphabet-stock
Alphabet,04/11/2025,Seeking Alpha analysis on ad & cloud revenue drivers,"Strategic risks prompted scenario reassessment, with measurable implications for performance.",2025,Decrease,Hold,https://seekingalpha.com/article/4820000-alphabet-ad-cloud-growth-analysis
Intel,21/10/2025,Reuters: Intel plans workforce reductions as part of restructuring,"Market recalibration followed newly released metrics, with measurable implications for performance.",2025,Decrease,Hold,https://www.reuters.com/technology/intel-cut-over-20-workforce-bloomberg-news-reports-2025-04-23/
Intel,13/10/2025,AP News: Intel cuts spending and workforce to refocus operations,"Operational trajectory changes reshaped revenue expectations, with measurable implications for performance.",2025,Decrease,Hold,https://apnews.com/article/a3a83e4bb8cd71e2615e964b432dd37f
Intel,10/10/2025,Intel Q2 2025 results and strategic update (Investor Relations),"Sentiment shifted following new narrative developments, with measurable implications for performance.",2025,Increase,Hold,https://www.intel.com/content/www/us/en/newsroom/news/intel-q2-2025-results.html
Intel,07/11/2025,WSJ coverage on Intel's AI strategy and capex,"Evolving company direction influenced investor conviction, with measurable implications for performance.",2025,Increase,Hold,https://www.wsj.com/articles/intel-strategy-ai-investment-2025-09-01
Intel,04/10/2025,Bloomberg reporting on major restructuring,"Indicators pointed to potential changes in near-term growth, with measurable implications for performance.",2025,Decrease,Hold,https://www.bloomberg.com/news/articles/2025-04-23/intel-layoffs-report
Netflix,04/11/2025,Reuters: Netflix added record subscribers (Q4 2024 / early 2025),"Unexpected developments shifted investor expectations, leading analysts to revisit underlying assumptions.",2025,Increase,Buy,https://www.reuters.com/technology/netflix-added-record-19-million-subscribers-holiday-quarter-2025-01-21/
Netflix,04/10/2025,Reuters: Q2 2025 results beat and upbeat outlook,"New insights influenced sentiment across market participants, leading analysts to revisit underlying assumptions.",2025,Increase,Hold,https://www.reuters.com/technology/netflix-quarterly-results-beat-wall-st-targets-revenue-outlook-upbeat-2025-04-17/
Netflix,23/10/2025,Variety coverage of Q2 earnings and content impact,"Updated performance signals altered short-term market outlook, leading analysts to revisit underlying assumptions.",2025,Increase,Buy,https://variety.com/2025/tv/news/netflix-q2-earnings-2025-1236463977/
Netflix,01/11/2025,Financial Times: subscriber surge and valuation discussion,"Strategic adjustments reshaped confidence in future results, leading analysts to revisit underlying assumptions.",2025,Decrease,Hold,https://www.ft.com/content/5e14ba6e-6fe6-4d0a-bac4-1538e003fda2
Netflix,11/10/2025,Investopedia summary of Q2 earnings and outlook,"Emerging factors contributed to rapid reevaluation of prospects, leading analysts to revisit underlying assumptions.",2025,Increase,Buy,https://www.investopedia.com/netflix-earnings-q2-fy2025-11774096
GameStop,26/01/2021,Elon Musk: 'Gamestonk!!' (link to WSB),Musk tweet amplified Reddit/WSB short-squeeze momentum,2021,increase,Sell,https://www.reuters.com/business/media-telecom/gamestop-extends-reddit-driven-hyper-rally-after-musk-tweet-2021-01-26/
GameStop,13/05/2024,Roaring Kitty returns to X with meme posts,Influencer's comeback reignited meme-stock Buying,2024,increase,Sell,https://www.reuters.com/technology/gamestop-jumps-after-roaring-kitty-returns-following-three-year-hiatus-2024-05-13/
GameStop,27/01/2021,WSB bullish calls & coordinated Buying,Reddit-fueled rally and short squeeze dynamics,2021,increase,Sell,https://www.reuters.com/technology/gamestop-other-retail-darlings-dented-after-reddit-group-briefly-shuts-doors-2021-01-27/
GameStop,01/01/2024,Roaring Kitty's WSB role highlighted,Retail investors drove price; renewed frenzy,2024,increase,Sell,https://apnews.com/article/401916acd3715d35cc0220143b26b2ac
GameStop,01/01/2021,Reddit rally context and losses to shorts,Coverage of Reddit-driven frenzy and market impact,2021,increase,Sell,https://time.com/5933931/gamestop-stock-market-reddit-money/
AMC Entertainment,14/06/2021,WSB/retail posts and ownership >80%,Mass retail attention & ownership drove surges,2021,increase,Sell,https://www.reuters.com/business/meme-stock-rally-pauses-redditors-focus-biotech-stocks-2021-06-14/
AMC Entertainment,16/02/2021,WSB-fueled meme-stock momentum,Retail frenzy lifted shares dramatically,2021,increase,Sell,https://www.reuters.com/business/finance/stocks-reddit-fueled-trading-frenzy-2021-02-16/
AMC Entertainment,01/06/2021,Reddit‚Äôs WallStreetBets chatter,Coordinated Buying by retail investors,2021,increase,Sell,https://www.reuters.com/business/amc-surges-meme-stocks-start-week-strong-note-2021-06-01/
AMC Entertainment,14/05/2024,Roaring Kitty posts resurface,Meme-stock resurgence spills into AMC,2024,increase,Sell,https://www.reuters.com/technology/gamestop-amc-surge-evokes-2021-meme-stocks-saga-2024-05-14/
AMC Entertainment,29/01/2021,Small investors‚Äô coordinated actions,Retail-fueled rally context,2021,increase,Sell,https://www.reuters.com/business/retail-consumer/small-investors-behind-surge-gamestop-other-shares-hit-by-restrictions-2021-01-29/
Bed Bath & Beyond,28/07/2023,Ryan Cohen: 'At least her cart is full' + üåù,Emoji tweet seen as bullish signal by meme traders,2022,increase,Sell,https://www.reuters.com/legal/litigation/column-bed-bath-beyond-investor-ryan-cohen-must-face-emoji-inspired-shareHolder-2023-07-28/
Bed Bath & Beyond,19/08/2022,Cohen Sells stake after rally,Sale disclosure reversed gains; investors felt misled,2022,decrease,Buy,https://www.reuters.com/markets/us/ryan-cohens-60-mln-bed-bath-u-turn-triggers-meme-stock-investor-ire-2022-08-19/
Bed Bath & Beyond,18/08/2022,Cohen exits position,"After speculative rally, shares tumble on exit news",2022,decrease,Buy,https://www.reuters.com/markets/europe/bed-bath-beyond-rally-fizzles-out-billionaire-cohen-plans-dump-stake-2022-08-18/
Bed Bath & Beyond,13/10/2023,Moon emoji tweet deemed actionable,Court says emoji could convey 'to the moon' intent,2023,increase,Sell,https://ediscoverytoday.com/2023/10/13/moon-emoji-tweet-is-actionable-rules-court-ediscovery-case-law/
Bed Bath & Beyond,16/08/2022,RC Ventures involvement spurs rally,Investor activism + social media hype spark surge,2022,increase,Sell,https://www.reuters.com/markets/europe/meme-stock-bed-bath-beyonds-rally-rages-2022-08-16/
Signal Advance,01/01/2021,Elon Musk: 'Use Signal',Ticker confusion drove massive speculative spike,2021,increase,Sell,https://markets.businessinsider.com/news/stocks/signal-advance-stock-price-surge-elon-musk-tweet-privacy-app-2021-1-1029956384
Signal Advance,01/01/2021,Elon Musk: 'Use Signal',"Media coverage: >5,600% surge on mistaken identity",2021,increase,Sell,https://www.marketwatch.com/story/why-an-elon-musk-tweet-led-to-a-5-675-surge-in-health-care-stock-signal-advance-11610400141
Signal Advance,01/01/2021,Elon Musk: 'Use Signal',Further explainer on confusion & spike,2021,increase,Sell,https://www.straitstimes.com/business/companies-markets/elon-musk-tweeted-use-signal-and-investors-sent-wrong-stock-soaring-6350
Signal Advance,01/01/2021,Elon Musk: 'Use Signal',"Business Insider: 11,708% surge since tweet",2021,increase,Sell,https://markets.businessinsider.com/news/stocks/signal-advance-stock-price-surge-elon-musk-tweet-privacy-app-2021-1-1029956384
Signal Advance,01/01/2021,Post-spike fade after hype,Coverage of sharp pullback after spike,2021,decrease,Buy,https://finance.yahoo.com/news/elon-musk-tweet-sent-this-penny-stock-soaring-but-company-insiders-didnt-Sell-shares-184144181.html
AMTD Digital,02/08/2022,Social media buzz post-IPO; confusion with AMTD IDEA,"Retail hype caused 21,000% surge despite no fundamentals",2022,increase,Sell,https://www.reuters.com/markets/amtd-digitals-16000-surge-stumps-market-watchers-2022-08-02/
AMTD Digital,03/08/2022,"Retail traders on Stocktwits, Reddit hype HKD",Forums treated HKD as next meme-stock,2022,increase,Sell,https://www.cnn.com/2022/08/03/investing/amtd-digital-stock-hkd-china/index.html
AMTD Digital,04/08/2022,Bloomberg: 'most bizarre IPO of year',"News coverage amplified curiosity, more volume",2022,increase,Sell,https://www.bloomberg.com/news/articles/2022-08-04/amtd-digital-hkd-surge-baffles-analysts
AMTD Digital,01/01/2022,Investors realize disconnect with fundamentals,Massive correction after hype,2022,decrease,Buy,https://www.marketwatch.com/story/amtd-digital-stock-plunges-after-ridiculous-rally-11659789889
AMTD Digital,19/01/2023,Lack of business updates post-spike,Led to stagnation and eventual normalization,2023,decrease,Hold,https://finance.yahoo.com/news/amtd-digital-volatile-stock-hype-2023-01-19.html
Reddit,21/03/2024,IPO hype & meme-stock community excitement,Initial IPO surge from retail loyalty,2024,increase,Sell,https://www.reuters.com/markets/us/reddit-shares-soar-ipo-debut-2024-03-21/
Reddit,01/01/2024,Analyst: 'user growth stagnating',"Despite hype, growth metrics underperform",2024,decrease,Hold,https://seekingalpha.com/article/4824419-reddit-market-is-ignoring-stagnating-user-growth-downgrade-to-Sell
Reddit,21/03/2024,Posts from users celebrating IPO,Retail participation boosted early days,2024,increase,Sell,https://www.cnbc.com/2024/03/21/reddit-ipo-stock-price.html
Reddit,01/01/2024,Meme enthusiasm fades after debut,Speculative interest declined quickly,2024,decrease,Buy,https://www.barrons.com/articles/reddit-stock-ipo-fade-65696e17
Reddit,01/01/2025,Shift from meme to fundamentals,Investors move on as novelty fades,2025,decrease,Hold,https://www.ft.com/content/72cc05ee-22a0-4f6f-9506-3c87452b33d5
American Eagle Outfitters,24/07/2025,Sydney Sweeney campaign viral,Influencer ad boosted stock 9% intraday,2025,increase,Sell,https://nypost.com/2025/07/24/business/sydney-sweeney-ad-campaign-sends-american-eagle-shares-surging-9/
American Eagle Outfitters,01/01/2025,TikTok buzz drives short-term demand,Retail investor interest spiked,2025,increase,Sell,https://www.businessinsider.com/american-eagle-stock-surge-influencer-marketing-2025-7
American Eagle Outfitters,25/07/2025,Analysts warn of overreaction,Rally unsustained after initial hype,2025,decrease,Hold,https://finance.yahoo.com/news/american-eagle-surge-could-fade-2025-07-25.html
American Eagle Outfitters,30/07/2025,Celebrity effect wanes,Normal performance returns after campaign fades,2025,decrease,Buy,https://www.marketwatch.com/story/american-eagle-shares-fall-after-sweeney-campaign-hype-dies-2025-07-30
American Eagle Outfitters,31/07/2025,Retail recovery optimism,General sector rally helped recovery,2025,increase,Hold,https://www.reuters.com/business/retail-consumer/us-retail-stocks-rebound-after-inflation-data-2025-07-31/
Beyond Meat,01/01/2019,Vegan trend & celebrity endorsements,Early IPO surge driven by ESG & celebrity support,2019,increase,Sell,https://www.reuters.com/article/us-beyond-meat-ipo-idUSKCN1S81EY
Beyond Meat,25/02/2021,McDonald's partnership rumors,Speculative rally after partnership talk,2021,increase,Sell,https://www.cnbc.com/2021/02/25/beyond-meat-stock-surges-after-mcdonalds-deal.html
Beyond Meat,04/08/2022,Earnings miss & high costs,"Hype faded, losses widened",2022,decrease,Buy,https://www.reuters.com/business/retail-consumer/beyond-meat-shares-fall-after-weak-demand-2022-08-04/
Beyond Meat,21/06/2023,Vegan hype saturation,Consumer interest plateaus post-pandemic,2023,decrease,Hold,https://www.bloomberg.com/news/articles/2023-06-21/beyond-meat-sales-decline
Beyond Meat,18/04/2023,Retail investors re-enter meme cycle,Short-lived rebound amid social chatter,2023,increase,Sell,https://www.barrons.com/articles/beyond-meat-stock-meme-revival-2023-04-18
Levi Strauss & Co.,01/01/2024,Beyonc√© song 'Levii‚Äôs Jeans' mention,Pop-culture boost; shares up about 20% after song release coverage,2024,increase,Buy,https://www.cbsnews.com/news/beyonce-post-malone-levis-stock-20-percent-boost-cowboy-carter/
Levi Strauss & Co.,01/01/2024,Earnings beat tied to denim 'moment',Cultural denim trend plus earnings beat drove surge,2024,increase,Buy,https://markets.businessinsider.com/news/stocks/levi-strauss-stock-price-earnings-beyonce-leviis-jeans-cowboy-carter-2024-4
Levi Strauss & Co.,11/07/2025,Raised forecasts on broad denim demand,Strength in denim & DTC strategy; follow-through after cultural buzz,2025,increase,Hold,https://www.reuters.com/business/levi-strauss-shares-jump-after-raising-forecasts-strong-global-denim-demand-2025-07-11/
Levi Strauss & Co.,01/01/2024,Guardian: 'Beyonc√© effect' lifts shares,Album 'Cowboy Carter' tied to search and share-price gains,2024,increase,Hold,https://www.theguardian.com/music/2024/apr/12/beyonce-effect-cowboy-carter-album-levis-fashion-hotlist-double-denim
Levi Strauss & Co.,01/01/2024,People: Levi‚Äôs x Beyonc√© campaign,Brand campaign builds on cultural momentum,2024,increase,Hold,https://people.com/beyonce-strips-off-her-jeans-in-new-levis-campaign-watch-8720779
Mattel Inc.,25/07/2023,Reuters: shares rise after 'Barbie' success,Cultural phenomenon drove engagement and share gains,2023,increase,Buy,https://www.reuters.com/business/media-telecom/mattel-shares-rise-after-barbie-movie-success-2023-07-25/
Mattel Inc.,25/10/2023,Reuters: raised profit target on Barbie boom,Barbie boost improved outlook,2023,increase,Hold,https://www.reuters.com/markets/us/barbie-boom-helps-mattel-lift-annual-profit-target-after-bumper-sales-2023-10-25/
Mattel Inc.,13/12/2023,Reuters: American Girl movie after Barbie,Follow-on IP expansion supported sentiment,2023,increase,Hold,https://www.reuters.com/lifestyle/mattel-make-american-girl-movie-after-barbie-success-2023-12-13/
Mattel Inc.,05/02/2025,Reuters: upbeat 2025 profit forecast,Post-Barbie IP pipeline & guidance lifted shares,2025,increase,Buy,https://www.reuters.com/business/retail-consumer/barbie-parent-mattel-shares-surge-strong-profit-forecast-despite-tariff-worries-2025-02-05/
Mattel Inc.,01/01/2023,Variety/industry coverage of Barbie merchandising,Merch and licensing momentum maintained interest,2023,increase,Hold,https://variety.com/2023/film/news/barbie-box-office-records-1235678901/
LVMH,15/10/2025,Reuters: best day in 20+ years on China demand hopes,Luxury resurgence tied to culture & reopening demand,2025,increase,Buy,https://www.reuters.com/business/lvmh-shares-up-8-after-company-reports-sales-increase-2025-10-15/
LVMH,07/10/2025,Reuters: Luxury shares rise on creative debuts,Cultural momentum around fashion houses,2025,increase,Hold,https://www.reuters.com/business/european-luxury-shares-rise-creative-debuts-raise-hopes-sales-comeback-2025-10-07/
LVMH,30/09/2025,Reuters: sector rally amid fashion weeks,Global fashion cycle supported sentiment,2025,increase,Hold,https://www.reuters.com/markets/europe/european-stocks-rise-fashion-houses-2025-09-30/
LVMH,15/10/2025,Bloomberg: luxury rebound on China tourists,Travel retail & culture-driven consumption rebound,2025,increase,Hold,https://www.bloomberg.com/news/articles/2025-10-15/lvmh-surges-as-improving-china-outlook-lifts-luxury-stocks
LVMH,01/01/2025,FT: luxury regains momentum with celebrity events,Red-carpet & influencer culture boosts demand signals,2025,increase,Hold,https://www.ft.com/content/1c12c6a9-6d1a-4b27-8d8d-3a5d945a9b5a
Kering (Gucci),23/10/2025,Reuters: shares rise up to 9% on outlook,Rally extended by brand reboot expectations,2025,increase,Hold,https://www.reuters.com/business/kering-shares-rise-5-company-signals-improvement-gucci-other-brands-2025-10-23/
Kering (Gucci),07/10/2025,Reuters: European luxury gains on creative debuts,Designer debuts lifted sentiment,2025,increase,Hold,https://www.reuters.com/business/european-luxury-shares-rise-creative-debuts-raise-hopes-sales-comeback-2025-10-07/
Kering (Gucci),01/01/2024,BoF: Sabato De Sarno debut,Cultural buzz around Gucci‚Äôs new era,2024,increase,Hold,https://www.businessoffashion.com/news/fashion-week/gucci-sabato-de-sarno-debut-milan-fashion-week-2024/
Kering (Gucci),30/09/2025,Reuters: sector rebound on fashion cycle,Momentum across fashion weeks aided shares,2025,increase,Hold,https://www.reuters.com/markets/europe/european-stocks-rise-fashion-houses-2025-09-30/
Kering (Gucci),21/09/2024,Reuters: Milan fashion week optimism,Runway buzz helps luxury peers,2024,increase,Hold,https://www.reuters.com/world/europe/milan-fashion-week-lifts-luxury-stocks-2024-09-21/
Adidas,10/11/2021,Reuters: sales boost following Yeezy launch,Cultural collaboration spurs sales and stock reaction,2021,increase,Buy,https://www.reuters.com/lifestyle/sports/adidas-reports-sales-boost-following-yeezy-launch-2021-11-10/
Adidas,30/05/2024,Reuters: raises forecasts; shares surge,Vintage sneaker trend (Samba/Gazelle) & China demand,2024,increase,Hold,https://www.reuters.com/business/retail-consumer/birkenstock-raises-annual-revenue-forecast-strong-footwear-demand-2024-05-30/
Adidas,29/10/2024,El Pa√≠s/Cinco D√≠as: profits jump 71% in Q3'24,Cultural sneaker boom supports outlook,2024,increase,Hold,https://cincodias.elpais.com/companias/2024-10-29/adidas-dispara-un-71-su-beneficio-en-el-trimestre-y-toma-impulso-en-china.html
Adidas,20/10/2024,Reuters: demand recovery; guidance raises,Positive reaction to brand momentum,2024,increase,Hold,https://www.reuters.com/world/europe/adidas-lifts-outlook-on-demand-recovery-2024-10-20/
Adidas,12/03/2025,Reuters: vintage sneaker craze powers sales,Samba/Gazelle trend fuels gains,2025,increase,Hold,https://www.reuters.com/markets/companies/adidas-sees-continued-momentum-from-classic-sneakers-2025-03-12/
Crocs,01/01/2022,Reuters Breakingviews: shares jump on guidance,Celebrity collabs & comfort trend underpinned growth,2022,increase,Buy,https://www.reuters.com/company/crocs-inc/
Crocs,01/01/2024,Yahoo Finance: sales soar on celebrity buzz,Cultural ubiquity of clogs boosted demand,2024,increase,Hold,https://finance.yahoo.com/news/crocs-sales-soar-back-pandemic-121742637.html
Crocs,01/01/2021,Reuters: record revenue outlook 2021,Trend-driven demand led to rally,2021,increase,Buy,https://www.reuters.com/markets/companies/CROX.O
Crocs,01/01/2023,Industry coverage: collabs fuel brand cachet,Collaborations widened audience,2023,increase,Hold,https://hypebeast.com/2023/10/crocs-collaborations-impact-sales-article
Crocs,01/01/2024,Retail trade press: clog craze remains,Sustained culture factor,2024,increase,Hold,https://footwearnews.com/2024/business/retail/crocs-sales-growth-2024-1203770784/
Abercrombie & Fitch,28/05/2025,Reuters: shares surge 32% on strong demand,Brand turnaround & cultural repositioning,2025,increase,Buy,https://www.reuters.com/business/retail-consumer/abercrombie-beats-quarterly-sales-estimates-2025-05-28/
Abercrombie & Fitch,29/05/2024,Reuters: record high; raises outlook,Sustained momentum with new styles,2024,increase,Hold,https://www.reuters.com/business/retail-consumer/abercrombie-fitch-raises-annual-sales-growth-forecast-resilient-demand-2024-05-29/
Abercrombie & Fitch,26/11/2024,Reuters: nine straight beats; shares up 75% YTD,Rebrand driving demand,2024,increase,Hold,https://www.reuters.com/business/retail-consumer/abercrombie-fitch-lifts-annual-sales-forecast-2024-11-26/
Abercrombie & Fitch,01/01/2024,Investopedia: JPM 'Positive Catalyst Watch',Analyst nod recognises brand momentum,2024,increase,Hold,https://www.investopedia.com/abercrombie-and-fitch-stock-surges-as-jpmorgan-adds-to-positive-catalyst-watch-8723337
Abercrombie & Fitch,29/05/2025,CNBC: record results and guidance,Culture-led resurgence fuels stock highs,2025,increase,Buy,https://www.cnbc.com/2025/05/29/abercrombie-fitch-earnings.html
Birkenstock,30/05/2024,Reuters: raises forecasts on firm demand,Fashion trend & full-price Selling lift shares,2024,increase,Buy,https://www.reuters.com/business/retail-consumer/birkenstock-raises-annual-revenue-forecast-strong-footwear-demand-2024-05-30/
Birkenstock,18/12/2024,Reuters: beats on resilient demand,Closed-toe clogs trend fuels revenue,2024,increase,Hold,https://www.reuters.com/business/retail-consumer/birkenstocks-fourth-quarter-revenue-beats-resilient-demand-2024-12-18/
Birkenstock,29/02/2024,Reuters: revenue beat; margin outlook,Demand resilience impresses investors,2024,increase,Hold,https://www.reuters.com/business/retail-consumer/birkenstock-beats-quarterly-revenue-estimates-robust-demand-higher-prices-2024-02-29/
Birkenstock,01/01/2024,FT: store expansion + fashion cycle,Brand heat supports sales & shares,2024,increase,Hold,https://www.ft.com/content/6c9a98b0-9a67-45c5-9e21-86a5f0cb7b8f
Birkenstock,01/01/2024,WSJ: trend-driven premiumization,Cultural adoption boosts investor sentiment,2024,increase,Hold,https://www.wsj.com/finance/stocks/birkenstock-shares-rise-demand-trend-2024
Helen of Troy (Hydro Flask),01/01/2024,MarketWatch: Brat Summer + VMAs boost,Pop-culture moments lifted stock,2024,increase,Hold,https://www.marketwatch.com/story/why-brat-summer-and-chappell-roan-are-boosting-hydro-flask-parent-companys-stock-425dad5a
Helen of Troy (Hydro Flask),01/01/2025,Reuters company page & quotes,Investor attention after culture buzz,2025,increase,Hold,https://www.reuters.com/markets/companies/HELE.OQ/
Helen of Troy (Hydro Flask),15/01/2025,Reuters: CEO comments during tariff news cycle,Visibility & narrative around brands amid policy news,2025,increase,Hold,https://www.reuters.com/markets/us/us-importers-rush-goods-china-trump-tariff-threat-looms-2025-01-15/
Helen of Troy (Hydro Flask),01/01/2024,MarketWatch: shares swing on earnings,Higher awareness from culture moments precede trading swings,2024,increase,Hold,https://www.marketwatch.com/story/helen-of-troys-stock-plunges-toward-a-9-year-low-after-big-earnings-miss-lowered-outlook-59f525aa
Helen of Troy (Hydro Flask),01/01/2025,Investor attention on Hydro Flask brand,Sustained brand heat after VMAs,2025,increase,Buy,https://www.marketwatch.com/investing/stock/hele
Shopify,04/05/2023,"Shopify CEO Tobi L√ºtke tweeted supporting the logistics divestiture, saying 'Focus is a superpower.' (tweet quoted in CNBC)",Tweet reinforced positive investor sentiment on restructuring.,2023,Increase,Buy,https://www.cnbc.com/2023/05/04/shopify-shop-q1-earnings-2023.html
Shopify,26/07/2022,"Shopify President Harley Finkelstein tweeted about 'tough decisions' during layoffs, acknowledging slowdown. (tweet referenced in Reuters)","Tweet signaled internal caution, contributing to share drop.",2022,Decrease,Sell,https://www.reuters.com/markets/us/shopify-lays-off-10percent-staff-2022-07-26/
Shopify,15/04/2020,Shopify CEO tweeted celebrating record small‚Äëbusiness signups during early pandemic. (quoted in Bloomberg),Tweet contributed to optimism around Shopify‚Äôs growth.,2020,Increase,Buy,https://www.bloomberg.com/news/articles/2020-04-15/shopify-sees-record-signups
Shopify,13/02/2024,Shopify shares jumped after strong Q4 earnings beat expectations.,Revenue surged 24% YoY and merchant solutions grew faster than expected.,2024,Increase,Hold,https://www.cnbc.com/2024/02/13/shopify-shop-earnings-q4-2023.html
Shopify,08/05/2024,Shopify stock dropped after the company forecast slower revenue growth.,Weak forward guidance reduced investor confidence.,2024,Decrease,Sell,https://www.reuters.com/technology/shopify-forecasts-slower-revenue-growth-shares-fall-2024-05-08/
PayPal,07/08/2023,"PayPal posted on Twitter about launching stablecoin PYUSD, widely covered by CNBC.",Tweet generated initial enthusiasm and trading volume.,2023,Increase,Hold,https://www.cnbc.com/2023/08/07/paypal-launches-stablecoin.html
PayPal,27/01/2022,CEO Dan Schulman tweeted about strengthening merchant services; tweet referenced in Reuters analysis.,Tweet attempted to boost confidence amid slowing growth concerns.,2022,Increase,Hold,https://www.reuters.com/technology/paypal-outlook-2022-01-27/
PayPal,08/11/2021,"PayPal tweeted confirmation they would not pursue Pinterest acquisition, cited across multiple news outlets.","Tweet reduced uncertainty, causing temporary stock rebound.",2021,Increase,Buy,https://www.cnbc.com/2021/11/08/paypal-says-not-pursuing-pinterest-deal.html
PayPal,08/02/2024,PayPal shares fell after weak 2024 earnings guidance.,Investors reacted to slower projected profit growth.,2024,Decrease,Sell,https://www.reuters.com/technology/paypal-forecasts-weak-profit-growth-2024-02-08/
PayPal,03/08/2023,PayPal stock rose after reporting revenue above estimates.,Strong transaction volume boosted results.,2023,Increase,Hold,https://www.cnbc.com/2023/08/02/paypal-pypl-q2-2023-earnings.html
Boeing,07/01/2024,Boeing CEO Dave Calhoun emailed employees and shared parts of the message on social media (tweet quoted in Reuters) after Alaska Airlines incident.,Public acknowledgment increased negative sentiment.,2024,Decrease,Sell,https://www.reuters.com/world/us/boeing-ceo-addresses-max-incident-2024-01-07/
Boeing,18/06/2023,Boeing posted updates during Paris Air Show announcing major orders; widely embedded in news posts.,Tweets boosted confidence around aircraft demand.,2023,Increase,Buy,https://www.cnbc.com/2023/06/19/boeing-airshow-orders.html
Boeing,02/11/2021,Boeing used Twitter to issue safety statements regarding 787 inspections (quoted in Reuters).,Tweets highlighted ongoing production concerns.,2021,Decrease,Hold,https://www.reuters.com/business/aerospace-defense/boeing-787-inspection-update-2021-11-02/
Boeing,25/10/2023,Boeing shares rise after strong Q3 revenue beat.,Defense and commercial deliveries improved.,2023,Increase,Hold,https://www.cnbc.com/2023/10/25/boeing-ba-earnings-report-q3-2023.html
Boeing,26/10/2022,Boeing stock drops due to unexpected quarterly loss.,Supply chain issues increased production costs.,2022,Decrease,Sell,https://www.cnbc.com/2022/10/26/boeing-q3-earnings-report-2022.html
Ford,12/01/2024,Ford CEO Jim Farley tweeted praising hybrid vehicle momentum; tweet quoted by CNBC.,Tweet supported bullish sentiment around Ford hybrid strategy.,2024,Increase,Hold,https://www.cnbc.com/2024/01/12/ford-hybrid-sales.html
Ford,30/10/2023,"Farley tweeted about UAW negotiations, widely referenced in news coverage.","Tweet signaled uncertainty, weighing on shares.",2023,Decrease,Sell,https://www.reuters.com/business/autos-transportation/ford-uaw-talks-update-2023-10-30/
Ford,02/03/2022,"Ford announced its EV‚Äìgas separation plan on Twitter, highlighted in CNBC.",Tweet helped boost investor excitement.,2022,Increase,Buy,https://www.cnbc.com/2022/03/02/ford-creates-ev-unit.html
Ford,03/02/2023,Ford stock sinks after earnings miss.,Supply chain issues hurt profitability.,2023,Decrease,Sell,https://www.reuters.com/business/autos-transportation/ford-posts-weak-q4-profit-2023-02-03/
Ford,27/07/2022,Ford surges after reporting strong Q2 results.,High truck demand lifted revenue.,2022,Increase,Buy,https://www.cnbc.com/2022/07/27/ford-f-q2-2022-earnings.html
AMD,31/01/2024,AMD CEO Lisa Su tweeted about AI chip roadmap following earnings announcement (tweet quoted in CNBC).,Tweet strengthened bullish outlook.,2024,Increase,Buy,https://www.cnbc.com/2024/01/31/amd-earnings-q4-2023.html
AMD,13/06/2023,AMD posted a tweet introducing MI300X AI chip; tweet embedded across tech news outlets.,Tweet boosted optimism around AMD‚Äôs AI competitiveness.,2023,Increase,Buy,https://www.reuters.com/technology/amd-new-ai-chip-2023-06-13/
AMD,10/02/2022,AMD tweeted about the completion of the Xilinx acquisition; tweet referenced in Bloomberg.,Tweet increased confidence in data‚Äëcenter strategy.,2022,Increase,Hold,https://www.bloomberg.com/news/articles/2022-02-10/amd-completes-xilinx-deal
AMD,02/05/2023,AMD falls after weak Q1 revenue.,Demand slowdown in consumer electronics hurt sales.,2023,Decrease,Sell,https://www.cnbc.com/2023/05/02/amd-q1-earnings-2023.html
AMD,01/11/2022,AMD jumps after beating Q3 expectations.,Data center growth offset PC weakness.,2022,Increase,Buy,https://www.reuters.com/technology/amd-q3-results-2022-11-01/
Qualcomm,25/10/2023,"Qualcomm tweeted a teaser for its Snapdragon Summit, widely referenced in tech news for boosting expectations.",Tweet increased anticipation for new chip launches.,2023,Increase,Buy,https://www.cnbc.com/2023/10/25/qualcomm-snapdragon-summit.html
Qualcomm,16/11/2022,"Qualcomm posted on Twitter about global partnerships for 5G expansion, cited in Reuters.",Tweet improved sentiment around long-term 5G strategy.,2022,Increase,Hold,https://www.reuters.com/technology/qualcomm-5g-growth-2022-11-16/
Qualcomm,01/12/2021,Qualcomm CEO Cristiano Amon tweeted about strong demand for premium Android chips (quoted in Bloomberg).,Tweet reinforced positive demand outlook.,2021,Increase,Buy,https://www.bloomberg.com/news/articles/2021-12-01/qualcomm-android-chip-demand
Qualcomm,31/01/2024,Qualcomm jumps on strong smartphone chip demand.,Android market recovery lifted revenue.,2024,Increase,Buy,https://www.reuters.com/technology/qualcomm-earnings-boosted-smartphone-recovery-2024-01-31/
Qualcomm,04/05/2023,Qualcomm stock falls after weak smartphone sales.,Global mobile slowdown pressured results.,2023,Decrease,Sell,https://www.reuters.com/technology/qualcomm-misses-revenue-estimates-2023-05-04/
Walmart,29/09/2023,Walmart tweeted about major expansions in its drone delivery program (referenced in CNBC).,Tweet increased excitement around logistics innovation.,2023,Increase,Hold,https://www.cnbc.com/2023/09/29/walmart-drone-delivery-expansion.html
Walmart,12/12/2022,"Walmart posted on Twitter celebrating record holiday hiring, mentioned by Reuters.","Tweet reflected strong seasonal operations, boosting confidence.",2022,Increase,Buy,https://www.reuters.com/business/retail-consumer/walmart-holiday-hiring-2022-12-12/
Walmart,27/07/2021,"Walmart tweeted about raising wages for 565,000 employees, widely covered by major news outlets.","Tweet signaled strong investment in workforce, mixed impact on stock.",2021,Decrease,Hold,https://www.cnbc.com/2021/07/27/walmart-wage-increase.html
Walmart,20/02/2024,Walmart rises after posting strong holiday-quarter sales.,Grocery strength and e-commerce growth beat expectations.,2024,Increase,Hold,https://www.cnbc.com/2024/02/20/walmart-earnings-q4-2023.html
Walmart,17/05/2022,Walmart stock sinks after cutting guidance.,Higher costs and inventory buildup hurt margins.,2022,Decrease,Sell,https://www.cnbc.com/2022/05/17/walmart-wmt-q1-2022-earnings.html
Costco,23/10/2023,Costco tweeted about new same-day delivery partnership expansion (featured in Bloomberg).,Tweet boosted optimism about e‚Äëcommerce capabilities.,2023,Increase,Buy,https://www.bloomberg.com/news/articles/2023-10-23/costco-same-day-partnership
Costco,23/09/2022,"Costco tweeted confirming no membership fee hike, widely quoted in financial news.",Tweet created relief among customers and investors.,2022,Increase,Hold,https://www.reuters.com/business/retail-consumer/costco-no-membership-fee-hike-2022-09-23/
Costco,10/12/2021,Costco tweeted holiday operational updates cited by CNBC for reducing supply chain worries.,Tweet improved retail sentiment.,2021,Increase,Buy,https://www.cnbc.com/2021/12/10/costco-supply-chain-update.html
Costco,07/03/2024,Costco shares jump after strong quarterly revenue.,Membership renewals remained high.,2024,Increase,Buy,https://www.cnbc.com/2024/03/07/costco-earnings-q2-2024.html
Costco,09/12/2022,Costco drops after missing revenue expectations.,E-commerce slowdown weighed on results.,2022,Decrease,Hold,https://www.reuters.com/business/retail-consumer/costco-misses-sales-2022-12-09/
Uber,14/12/2023,Uber CEO Dara Khosrowshahi tweeted about record mobility usage during holidays (reported by Reuters).,Tweet boosted sentiment around consumer demand.,2023,Increase,Buy,https://www.reuters.com/business/autos-transportation/uber-holiday-demand-2023-12-14/
Uber,12/10/2022,"Uber Support tweeted acknowledging a widespread outage, cited across news outlets.",Tweet contributed to temporary negative sentiment.,2022,Decrease,Sell,https://www.cnbc.com/2022/10/12/uber-outage.html
Uber,05/11/2021,"Uber tweeted about achieving an EBITDA profit milestone, highlighted in CNBC.",Tweet boosted investor confidence.,2021,Increase,Buy,https://www.cnbc.com/2021/11/05/uber-achieves-ebitda-profit.html
Uber,07/02/2024,Uber stock rises after first-ever annual operating profit.,Mobility and delivery segments both improved.,2024,Increase,Buy,https://www.reuters.com/business/autos-transportation/uber-posts-first-operating-profit-2024-02-07/
Uber,01/11/2022,Uber falls despite strong earnings due to weak guidance.,Macro headwinds raised concern for Q4.,2022,Decrease,Sell,https://www.cnbc.com/2022/11/01/uber-q3-2022-earnings.html
Lyft,14/02/2024,"Lyft CEO David Risher tweeted about improved driver incentives, quoted in CNBC.",Tweet contributed to bullish reaction.,2024,Increase,Hold,https://www.cnbc.com/2024/02/14/lyft-earnings-q4-2023.html
Lyft,28/04/2023,"Lyft tweeted about lowering ride prices, widely covered by tech outlets.",Tweet signaled margin pressure.,2023,Decrease,Sell,https://www.reuters.com/business/autos-transportation/lyft-price-cut-2023-04-28/
Lyft,03/11/2021,"Lyft tweeted strong earnings highlights, embedded by CNBC.",Tweet increased bullish momentum.,2021,Increase,Buy,https://www.cnbc.com/2021/11/03/lyft-earnings-q3-2021.html
Lyft,08/08/2023,Lyft rises after beating quarterly revenue expectations.,Ride volume rebounded post-pandemic.,2023,Increase,Hold,https://www.reuters.com/business/autos-transportation/lyft-beats-revenue-2023-08-08/
Lyft,10/02/2023,Lyft shares plunge 36% after weak forward guidance.,Falling prices and rising driver costs hurt projections.,2023,Decrease,Sell,https://www.cnbc.com/2023/02/10/lyft-earnings-q4-2022.html
Zoom,21/11/2023,"Zoom CEO Eric Yuan shared a post on X about AI Companion rollout, widely quoted in CNBC.",Tweet increased optimism about AI-driven revenue.,2023,Increase,Buy,https://www.cnbc.com/2023/11/21/zoom-earnings-q3-2023.html
Zoom,23/08/2022,"Zoom posted on Twitter about hybrid work tools after earnings, referenced in Reuters coverage.",Tweet softened negative sentiment despite revenue slowdown.,2022,Decrease,Hold,https://www.reuters.com/technology/zoom-warns-slower-revenue-2022-08-23/
Zoom,27/09/2021,"Zoom tweeted about new security features, featured in multiple tech outlets.",Tweet improved perception of product innovation.,2021,Increase,Hold,https://www.cnbc.com/2021/09/27/zoom-security-updates.html
Zoom,26/02/2024,Zoom rises after strong Q4 earnings and improved enterprise growth.,Better-than-expected profitability boosted sentiment.,2024,Increase,Hold,https://www.cnbc.com/2024/02/26/zoom-zm-earnings-q4-2023.html
Zoom,21/11/2022,Zoom drops after revenue miss and weak guidance.,Corporate spending slowdown hit growth.,2022,Decrease,Sell,https://www.reuters.com/technology/zoom-warns-slower-revenue-2022-11-21/
Pfizer,11/12/2023,"Pfizer tweeted about RSV vaccine progress, widely cited in health news.",Tweet boosted sentiment around non-Covid portfolio.,2023,Increase,Hold,https://www.cnbc.com/2023/12/11/pfizer-rsv-update.html
Pfizer,10/01/2022,"Pfizer posted on Twitter about Omicron-targeted booster development, quoted by Reuters.",Tweet increased expectations for future demand.,2022,Increase,Buy,https://www.reuters.com/business/healthcare-pharmaceuticals/pfizer-omicron-booster-2022-01-10/
Pfizer,23/08/2021,"Pfizer tweeted about FDA full approval for its vaccine, widely reflected in media.",Tweet contributed to strong positive market response.,2021,Increase,Buy,https://www.cnbc.com/2021/08/23/fda-approves-pfizer-covid-vaccine.html
Pfizer,30/01/2024,Pfizer rises after posting better-than-feared earnings.,Stabilizing non-Covid revenue improved sentiment.,2024,Increase,Hold,https://www.cnbc.com/2024/01/30/pfizer-pfe-q4-2023-earnings.html
Pfizer,16/10/2023,Pfizer stock drops after cutting full-year revenue outlook.,Lower Covid product sales hurt guidance.,2023,Decrease,Sell,https://www.reuters.com/business/healthcare-pharmaceuticals/pfizer-cuts-forecast-2023-10-16/
Moderna,22/02/2024,"Moderna tweeted results from positive flu vaccine trials, highlighted in Reuters.",Tweet drove strong bullish reaction.,2024,Increase,Buy,https://www.reuters.com/business/healthcare-pharmaceuticals/moderna-flu-success-2024-02-22/
Moderna,15/11/2022,Moderna posted info on Omicron booster shipments (quoted by CNBC).,Tweet improved sentiment around Covid revenue.,2022,Increase,Hold,https://www.cnbc.com/2022/11/15/moderna-booster-update.html
Moderna,10/06/2021,"Moderna tweeted about expanding global vaccine supply deals, cited in Reuters.",Tweet contributed to positive growth expectations.,2021,Increase,Buy,https://www.reuters.com/world/moderna-vaccine-expansion-2021-06-10/
Moderna,02/11/2023,Moderna stock falls after cutting Covid vaccine forecast.,Lower demand reduced expected revenue.,2023,Decrease,Sell,https://www.cnbc.com/2023/11/02/moderna-mrna-q3-2023-earnings.html
Moderna,03/08/2022,Moderna rises after beating Q2 revenue expectations.,Vaccine demand remained strong.,2022,Increase,Buy,https://www.cnbc.com/2022/08/03/moderna-mrna-q2-2022-earnings.html
IBM,09/06/2023,"IBM tweeted about its new watsonx AI platform launch, widely cited in tech news.",Tweet generated positive momentum around AI strategy.,2023,Increase,Buy,https://www.cnbc.com/2023/06/09/ibm-watsonx-ai-launch.html
IBM,07/11/2022,"IBM posted on Twitter about hybrid cloud client wins, referenced by Reuters.",Tweet signaled strong enterprise traction.,2022,Increase,Hold,https://www.reuters.com/technology/ibm-hybrid-cloud-growth-2022-11-07/
IBM,04/10/2021,"IBM tweeted updates on the Kyndryl spin-off, covered by CNBC.",Tweet created short-term uncertainty.,2021,Decrease,Hold,https://www.cnbc.com/2021/10/04/ibm-kyndryl-separation.html
IBM,25/01/2024,IBM jumps after strong Q4 earnings and AI demand.,Cloud and consulting revenue led growth.,2024,Increase,Buy,https://www.cnbc.com/2024/01/25/ibm-earnings-q4-2023.html
IBM,19/04/2023,IBM stock falls after revenue slowdown in infrastructure.,Weak hardware sales pressured results.,2023,Decrease,Sell,https://www.cnbc.com/2023/04/19/ibm-earnings-q1-2023.html
Oracle,12/09/2023,"Oracle tweeted about new AI partnerships during CloudWorld, widely cited in Bloomberg.",Tweet boosted enthusiasm around cloud momentum.,2023,Increase,Buy,https://www.bloomberg.com/news/articles/2023-09-12/oracle-cloudworld-ai
Oracle,15/03/2022,"Oracle posted an update on Cerner integration, quoted in Reuters.",Tweet created mixed reaction due to integration concerns.,2022,Decrease,Hold,https://www.reuters.com/business/healthcare-pharmaceuticals/oracle-cerner-update-2022-03-15/
Oracle,09/12/2021,"Oracle tweeted about cloud infrastructure capacity expansions, covered by CNBC.",Tweet improved perception of long-term cloud growth.,2021,Increase,Buy,https://www.cnbc.com/2021/12/09/oracle-cloud-expansion.html
Oracle,11/03/2024,Oracle stock surges after securing major cloud deals.,AI-related cloud demand boosted growth.,2024,Increase,Buy,https://www.reuters.com/technology/oracle-cloud-contracts-2024-03-11/
Oracle,11/09/2023,Oracle plunges after revenue miss and weak guidance.,Cloud sales grew slower than expected.,2023,Decrease,Sell,https://www.cnbc.com/2023/09/11/oracle-orcl-earnings-q1-2024.html
Cisco,16/11/2023,"Cisco tweeted about expanding Webex AI features, widely cited in tech news.",Tweet boosted optimism around enterprise AI strategy.,2023,Increase,Hold,https://www.cnbc.com/2023/11/16/cisco-webex-ai-update.html
Cisco,18/05/2022,"Cisco Support tweeted about global outages, referenced in Reuters.",Tweet increased short-term negative sentiment.,2022,Decrease,Sell,https://www.reuters.com/technology/cisco-outage-2022-05-18/
Cisco,08/09/2021,"Cisco tweeted about new cybersecurity innovations, mentioned across news outlets.",Tweet improved perception of Cisco‚Äôs security offerings.,2021,Increase,Buy,https://www.cnbc.com/2021/09/08/cisco-security-innovation.html
Cisco,14/02/2024,Cisco stock falls after cutting revenue forecast.,Lower enterprise spending weighed on guidance.,2024,Decrease,Sell,https://www.reuters.com/technology/cisco-cuts-revenue-forecast-2024-02-14/
Cisco,16/08/2023,Cisco climbs after beating earnings expectations.,Strong service revenue boosted sentiment.,2023,Increase,Buy,https://www.reuters.com/technology/cisco-beats-quarterly-estimates-2023-08-16/
Salesforce,07/06/2023,"Salesforce tweeted major updates to Einstein AI, cited in multiple tech outlets.",Tweet increased enthusiasm for AI-driven CRM growth.,2023,Increase,Buy,https://www.cnbc.com/2023/06/07/salesforce-einstein-ai-update.html
Salesforce,05/04/2022,"Salesforce tweeted about cutting office space to adjust to hybrid work, reported by Reuters.",Tweet signaled cost reductions but also demand uncertainty.,2022,Decrease,Hold,https://www.reuters.com/technology/salesforce-office-space-reduction-2022-04-05/
Salesforce,31/08/2021,"Marc Benioff tweeted optimistic cloud forecasts, widely quoted in Bloomberg.",Tweet boosted investor confidence.,2021,Increase,Buy,https://www.bloomberg.com/news/articles/2021-08-31/salesforce-benioff-cloud-outlook
Salesforce,28/02/2024,Salesforce shares jump after strong Q4 results.,Subscription revenue exceeded expectations.,2024,Increase,Buy,https://www.cnbc.com/2024/02/28/salesforce-crm-earnings.html
Salesforce,01/12/2022,Salesforce falls after co-CEO resigns.,Leadership uncertainty weighed on shares.,2022,Decrease,Sell,https://www.reuters.com/technology/salesforce-co-ceo-steps-down-2022-12-01/
PepsiCo,10/10/2023,"PepsiCo tweeted updates celebrating strong global brand activations, noted in CNBC.",Tweet strengthened positive brand momentum.,2023,Increase,Hold,https://www.cnbc.com/2023/10/10/pepsico-pep-q3-2023-earnings.html
PepsiCo,10/02/2022,"PepsiCo posted about inflation pressures and pricing actions, referenced in Reuters.",Tweet contributed to concerns over margin compression.,2022,Decrease,Sell,https://www.reuters.com/business/retail-consumer/pepsico-inflation-warning-2022-02-10/
PepsiCo,13/07/2021,"PepsiCo tweeted celebrating strong summer demand for beverages, covered in news.",Tweet increased optimism around seasonal sales.,2021,Increase,Buy,https://www.cnbc.com/2021/07/13/pepsico-strong-summer-demand.html
PepsiCo,09/02/2024,PepsiCo rises after beating Q4 earnings estimates.,Strong snack demand boosted revenue.,2024,Increase,Hold,https://www.reuters.com/markets/us/pepsico-beats-quarterly-estimates-2024-02-09/
PepsiCo,12/10/2022,PepsiCo rises after strong Q3 results.,Effective price hikes boosted revenue.,2022,Increase,Buy,https://www.cnbc.com/2022/10/12/pepsico-q3-2022-earnings.html
Starbucks,15/11/2023,"Starbucks tweeted about holiday-themed beverage launches, widely cited in lifestyle and business news.",Tweet increased seasonal sales excitement.,2023,Increase,Hold,https://www.cnbc.com/2023/11/15/starbucks-holiday-menu.html
Starbucks,04/04/2022,"Starbucks tweeted about suspending stock Buybacks, quoted in Reuters.",Tweet caused investor concerns over capital return changes.,2022,Decrease,Sell,https://www.reuters.com/business/retail-consumer/starbucks-Buyback-halt-2022-04-04/
Starbucks,23/09/2021,"Starbucks tweeted about opening new sustainability-focused stores, reported globally.",Tweet increased ESG-driven optimism.,2021,Increase,Buy,https://www.cnbc.com/2021/09/23/starbucks-sustainability-expansion.html
Starbucks,31/01/2024,Starbucks stock drops after missing quarterly sales.,Slowing US traffic dragged results.,2024,Decrease,Sell,https://www.cnbc.com/2024/01/31/starbucks-sbux-earnings-q1-2024.html
Starbucks,03/11/2022,Starbucks rises on record revenue.,Strong loyalty program boosted sales.,2022,Increase,Buy,https://www.reuters.com/markets/us/starbucks-record-revenue-2022-11-03/
McDonald's,30/10/2023,"McDonald's tweeted about pricing strategy success, cited in CNBC.",Tweet improved investor confidence in brand strength.,2023,Increase,Buy,https://www.cnbc.com/2023/10/30/mcdonalds-mcd-earnings-q3-2023.html
McDonald's,27/01/2022,"McDonald's tweeted about challenges from labor shortages, referenced in Reuters.",Tweet contributed to near-term negative sentiment.,2022,Decrease,Sell,https://www.reuters.com/business/retail-consumer/mcdonalds-results-2022-01-27/
McDonald's,17/11/2021,"McDonald's tweeted about growth in digital and delivery services, covered widely.",Tweet boosted perception of innovation momentum.,2021,Increase,Hold,https://www.cnbc.com/2021/11/17/mcdonalds-digital-growth.html
McDonald's,05/02/2024,McDonald's falls after missing revenue expectations.,Middle East conflict impacted sales.,2024,Decrease,Hold,https://www.reuters.com/markets/us/mcdonalds-misses-sales-2024-02-05/
McDonald's,30/10/2023,McDonald's rises after beating Q3 earnings.,Higher menu prices boosted revenue.,2023,Increase,Buy,https://www.cnbc.com/2023/10/30/mcdonalds-mcd-earnings-q3-2023.html
